{"efVersion":"0.11.7","efModuleName":["Data","Op"],"efExports":[{"TypeRef":[{"start":[1,1],"name":"C:\\Users\\Abhishek Mishra\\cube-rotation\\bower_components\\purescript-contravariant\\src\\Data\\Op.purs","end":[23,30]},"Op",["Op"]]},{"TypeInstanceRef":[{"start":[0,0],"name":"<generated>","end":[0,0]},{"Ident":"newtypeOp"}]},{"TypeInstanceRef":[{"start":[0,0],"name":"<generated>","end":[0,0]},{"Ident":"semigroupOp"}]},{"TypeInstanceRef":[{"start":[0,0],"name":"<generated>","end":[0,0]},{"Ident":"monoidOp"}]},{"TypeInstanceRef":[{"start":[0,0],"name":"<generated>","end":[0,0]},{"Ident":"semigroupoidOp"}]},{"TypeInstanceRef":[{"start":[0,0],"name":"<generated>","end":[0,0]},{"Ident":"categoryOp"}]},{"TypeInstanceRef":[{"start":[0,0],"name":"<generated>","end":[0,0]},{"Ident":"contravariantOp"}]}],"efImports":[{"eiModule":["Prim"],"eiImportType":{"Implicit":[]},"eiImportedAs":["Prim"]},{"eiModule":["Prim"],"eiImportType":{"Implicit":[]},"eiImportedAs":null},{"eiModule":["Prelude"],"eiImportType":{"Implicit":[]},"eiImportedAs":null},{"eiModule":["Data","Functor","Contravariant"],"eiImportType":{"Explicit":[{"TypeClassRef":[{"start":[5,36],"name":"C:\\Users\\Abhishek Mishra\\cube-rotation\\bower_components\\purescript-contravariant\\src\\Data\\Op.purs","end":[5,55]},"Contravariant"]}]},"eiImportedAs":null},{"eiModule":["Data","Monoid"],"eiImportType":{"Explicit":[{"TypeClassRef":[{"start":[6,21],"name":"C:\\Users\\Abhishek Mishra\\cube-rotation\\bower_components\\purescript-contravariant\\src\\Data\\Op.purs","end":[6,33]},"Monoid"]}]},"eiImportedAs":null},{"eiModule":["Data","Newtype"],"eiImportType":{"Explicit":[{"TypeClassRef":[{"start":[7,22],"name":"C:\\Users\\Abhishek Mishra\\cube-rotation\\bower_components\\purescript-contravariant\\src\\Data\\Op.purs","end":[7,35]},"Newtype"]}]},"eiImportedAs":null}],"efFixities":[],"efTypeFixities":[],"efDeclarations":[{"EDType":{"edTypeName":"Op","edTypeKind":{"tag":"FunKind","contents":[{"tag":"NamedKind","contents":[["Prim"],"Type"]},{"tag":"FunKind","contents":[{"tag":"NamedKind","contents":[["Prim"],"Type"]},{"tag":"NamedKind","contents":[["Prim"],"Type"]}]}]},"edTypeDeclarationKind":{"DataType":{"args":[["a",{"tag":"NamedKind","contents":[["Prim"],"Type"]}],["b",{"tag":"NamedKind","contents":[["Prim"],"Type"]}]],"ctors":[["Op",[{"tag":"TypeApp","contents":[{"tag":"TypeApp","contents":[{"tag":"TypeConstructor","contents":[["Prim"],"Function"]},{"tag":"TypeVar","contents":"b"}]},{"tag":"TypeVar","contents":"a"}]}]]]}}}},{"EDDataConstructor":{"edDataCtorName":"Op","edDataCtorOrigin":"newtype","edDataCtorTypeCtor":"Op","edDataCtorType":{"tag":"ForAll","contents":["b",{"tag":"ForAll","contents":["a",{"tag":"TypeApp","contents":[{"tag":"TypeApp","contents":[{"tag":"TypeConstructor","contents":[["Prim"],"Function"]},{"tag":"TypeApp","contents":[{"tag":"TypeApp","contents":[{"tag":"TypeConstructor","contents":[["Prim"],"Function"]},{"tag":"TypeVar","contents":"b"}]},{"tag":"TypeVar","contents":"a"}]}]},{"tag":"TypeApp","contents":[{"tag":"TypeApp","contents":[{"tag":"TypeConstructor","contents":[["Data","Op"],"Op"]},{"tag":"TypeVar","contents":"a"}]},{"tag":"TypeVar","contents":"b"}]}]},null]},null]},"edDataCtorFields":[{"Ident":"value0"}]}},{"EDInstance":{"edInstanceClassName":[["Data","Newtype"],"Newtype"],"edInstanceName":{"Ident":"newtypeOp"},"edInstanceTypes":[{"tag":"TypeApp","contents":[{"tag":"TypeApp","contents":[{"tag":"TypeConstructor","contents":[["Data","Op"],"Op"]},{"tag":"TypeVar","contents":"a"}]},{"tag":"TypeVar","contents":"b"}]},{"tag":"TypeApp","contents":[{"tag":"TypeApp","contents":[{"tag":"TypeConstructor","contents":[["Prim"],"Function"]},{"tag":"TypeVar","contents":"b"}]},{"tag":"TypeVar","contents":"a"}]}],"edInstanceConstraints":[]}},{"EDInstance":{"edInstanceClassName":[["Data","Semigroup"],"Semigroup"],"edInstanceName":{"Ident":"semigroupOp"},"edInstanceTypes":[{"tag":"TypeApp","contents":[{"tag":"TypeApp","contents":[{"tag":"TypeConstructor","contents":[["Data","Op"],"Op"]},{"tag":"TypeVar","contents":"a"}]},{"tag":"TypeVar","contents":"b"}]}],"edInstanceConstraints":[{"constraintClass":[["Data","Semigroup"],"Semigroup"],"constraintArgs":[{"tag":"TypeVar","contents":"a"}],"constraintData":null}]}},{"EDInstance":{"edInstanceClassName":[["Data","Monoid"],"Monoid"],"edInstanceName":{"Ident":"monoidOp"},"edInstanceTypes":[{"tag":"TypeApp","contents":[{"tag":"TypeApp","contents":[{"tag":"TypeConstructor","contents":[["Data","Op"],"Op"]},{"tag":"TypeVar","contents":"a"}]},{"tag":"TypeVar","contents":"b"}]}],"edInstanceConstraints":[{"constraintClass":[["Data","Monoid"],"Monoid"],"constraintArgs":[{"tag":"TypeVar","contents":"a"}],"constraintData":null}]}},{"EDInstance":{"edInstanceClassName":[["Control","Semigroupoid"],"Semigroupoid"],"edInstanceName":{"Ident":"semigroupoidOp"},"edInstanceTypes":[{"tag":"TypeConstructor","contents":[["Data","Op"],"Op"]}],"edInstanceConstraints":[]}},{"EDInstance":{"edInstanceClassName":[["Control","Category"],"Category"],"edInstanceName":{"Ident":"categoryOp"},"edInstanceTypes":[{"tag":"TypeConstructor","contents":[["Data","Op"],"Op"]}],"edInstanceConstraints":[]}},{"EDInstance":{"edInstanceClassName":[["Data","Functor","Contravariant"],"Contravariant"],"edInstanceName":{"Ident":"contravariantOp"},"edInstanceTypes":[{"tag":"TypeApp","contents":[{"tag":"TypeConstructor","contents":[["Data","Op"],"Op"]},{"tag":"TypeVar","contents":"a"}]}],"edInstanceConstraints":[]}}],"efSourceSpan":{"start":[1,1],"name":"C:\\Users\\Abhishek Mishra\\cube-rotation\\bower_components\\purescript-contravariant\\src\\Data\\Op.purs","end":[23,30]}}