{"efVersion":"0.11.7","efModuleName":["Data","Maybe","Last"],"efExports":[{"TypeRef":[{"start":[1,1],"name":"C:\\Users\\Abhishek Mishra\\cube-rotation\\bower_components\\purescript-maybe\\src\\Data\\Maybe\\Last.purs","end":[68,37]},"Last",["Last"]]},{"TypeInstanceRef":[{"start":[0,0],"name":"<generated>","end":[0,0]},{"Ident":"newtypeLast"}]},{"TypeInstanceRef":[{"start":[0,0],"name":"<generated>","end":[0,0]},{"Ident":"eqLast"}]},{"TypeInstanceRef":[{"start":[0,0],"name":"<generated>","end":[0,0]},{"Ident":"eq1Last"}]},{"TypeInstanceRef":[{"start":[0,0],"name":"<generated>","end":[0,0]},{"Ident":"ordLast"}]},{"TypeInstanceRef":[{"start":[0,0],"name":"<generated>","end":[0,0]},{"Ident":"ord1Last"}]},{"TypeInstanceRef":[{"start":[0,0],"name":"<generated>","end":[0,0]},{"Ident":"boundedLast"}]},{"TypeInstanceRef":[{"start":[0,0],"name":"<generated>","end":[0,0]},{"Ident":"functorLast"}]},{"TypeInstanceRef":[{"start":[0,0],"name":"<generated>","end":[0,0]},{"Ident":"invariantLast"}]},{"TypeInstanceRef":[{"start":[0,0],"name":"<generated>","end":[0,0]},{"Ident":"applyLast"}]},{"TypeInstanceRef":[{"start":[0,0],"name":"<generated>","end":[0,0]},{"Ident":"applicativeLast"}]},{"TypeInstanceRef":[{"start":[0,0],"name":"<generated>","end":[0,0]},{"Ident":"bindLast"}]},{"TypeInstanceRef":[{"start":[0,0],"name":"<generated>","end":[0,0]},{"Ident":"monadLast"}]},{"TypeInstanceRef":[{"start":[0,0],"name":"<generated>","end":[0,0]},{"Ident":"extendLast"}]},{"TypeInstanceRef":[{"start":[0,0],"name":"<generated>","end":[0,0]},{"Ident":"showLast"}]},{"TypeInstanceRef":[{"start":[0,0],"name":"<generated>","end":[0,0]},{"Ident":"semigroupLast"}]},{"TypeInstanceRef":[{"start":[0,0],"name":"<generated>","end":[0,0]},{"Ident":"monoidLast"}]},{"TypeInstanceRef":[{"start":[0,0],"name":"<generated>","end":[0,0]},{"Ident":"altLast"}]},{"TypeInstanceRef":[{"start":[0,0],"name":"<generated>","end":[0,0]},{"Ident":"plusLast"}]},{"TypeInstanceRef":[{"start":[0,0],"name":"<generated>","end":[0,0]},{"Ident":"alternativeLast"}]},{"TypeInstanceRef":[{"start":[0,0],"name":"<generated>","end":[0,0]},{"Ident":"monadZeroLast"}]}],"efImports":[{"eiModule":["Prim"],"eiImportType":{"Implicit":[]},"eiImportedAs":["Prim"]},{"eiModule":["Prim"],"eiImportType":{"Implicit":[]},"eiImportedAs":null},{"eiModule":["Prelude"],"eiImportType":{"Implicit":[]},"eiImportedAs":null},{"eiModule":["Control","Extend"],"eiImportType":{"Explicit":[{"TypeClassRef":[{"start":[5,24],"name":"C:\\Users\\Abhishek Mishra\\cube-rotation\\bower_components\\purescript-maybe\\src\\Data\\Maybe\\Last.purs","end":[5,36]},"Extend"]}]},"eiImportedAs":null},{"eiModule":["Control","MonadZero"],"eiImportType":{"Explicit":[{"TypeClassRef":[{"start":[6,27],"name":"C:\\Users\\Abhishek Mishra\\cube-rotation\\bower_components\\purescript-maybe\\src\\Data\\Maybe\\Last.purs","end":[6,42]},"MonadZero"]},{"TypeClassRef":[{"start":[6,44],"name":"C:\\Users\\Abhishek Mishra\\cube-rotation\\bower_components\\purescript-maybe\\src\\Data\\Maybe\\Last.purs","end":[6,61]},"Alternative"]},{"TypeClassRef":[{"start":[6,63],"name":"C:\\Users\\Abhishek Mishra\\cube-rotation\\bower_components\\purescript-maybe\\src\\Data\\Maybe\\Last.purs","end":[6,73]},"Plus"]},{"TypeClassRef":[{"start":[6,75],"name":"C:\\Users\\Abhishek Mishra\\cube-rotation\\bower_components\\purescript-maybe\\src\\Data\\Maybe\\Last.purs","end":[6,84]},"Alt"]}]},"eiImportedAs":null},{"eiModule":["Data","Eq"],"eiImportType":{"Explicit":[{"TypeClassRef":[{"start":[7,17],"name":"C:\\Users\\Abhishek Mishra\\cube-rotation\\bower_components\\purescript-maybe\\src\\Data\\Maybe\\Last.purs","end":[7,26]},"Eq1"]}]},"eiImportedAs":null},{"eiModule":["Data","Functor","Invariant"],"eiImportType":{"Explicit":[{"TypeClassRef":[{"start":[8,32],"name":"C:\\Users\\Abhishek Mishra\\cube-rotation\\bower_components\\purescript-maybe\\src\\Data\\Maybe\\Last.purs","end":[8,47]},"Invariant"]}]},"eiImportedAs":null},{"eiModule":["Data","Maybe"],"eiImportType":{"Explicit":[{"TypeRef":[{"start":[9,20],"name":"C:\\Users\\Abhishek Mishra\\cube-rotation\\bower_components\\purescript-maybe\\src\\Data\\Maybe\\Last.purs","end":[9,29]},"Maybe",null]}]},"eiImportedAs":null},{"eiModule":["Data","Monoid"],"eiImportType":{"Explicit":[{"TypeClassRef":[{"start":[10,21],"name":"C:\\Users\\Abhishek Mishra\\cube-rotation\\bower_components\\purescript-maybe\\src\\Data\\Maybe\\Last.purs","end":[10,33]},"Monoid"]},{"ValueRef":[{"start":[10,35],"name":"C:\\Users\\Abhishek Mishra\\cube-rotation\\bower_components\\purescript-maybe\\src\\Data\\Maybe\\Last.purs","end":[10,41]},{"Ident":"mempty"}]}]},"eiImportedAs":null},{"eiModule":["Data","Newtype"],"eiImportType":{"Explicit":[{"TypeClassRef":[{"start":[11,22],"name":"C:\\Users\\Abhishek Mishra\\cube-rotation\\bower_components\\purescript-maybe\\src\\Data\\Maybe\\Last.purs","end":[11,35]},"Newtype"]}]},"eiImportedAs":null},{"eiModule":["Data","Ord"],"eiImportType":{"Explicit":[{"TypeClassRef":[{"start":[12,18],"name":"C:\\Users\\Abhishek Mishra\\cube-rotation\\bower_components\\purescript-maybe\\src\\Data\\Maybe\\Last.purs","end":[12,28]},"Ord1"]}]},"eiImportedAs":null}],"efFixities":[],"efTypeFixities":[],"efDeclarations":[{"EDType":{"edTypeName":"Last","edTypeKind":{"tag":"FunKind","contents":[{"tag":"NamedKind","contents":[["Prim"],"Type"]},{"tag":"NamedKind","contents":[["Prim"],"Type"]}]},"edTypeDeclarationKind":{"DataType":{"args":[["a",{"tag":"NamedKind","contents":[["Prim"],"Type"]}]],"ctors":[["Last",[{"tag":"TypeApp","contents":[{"tag":"TypeConstructor","contents":[["Data","Maybe"],"Maybe"]},{"tag":"TypeVar","contents":"a"}]}]]]}}}},{"EDDataConstructor":{"edDataCtorName":"Last","edDataCtorOrigin":"newtype","edDataCtorTypeCtor":"Last","edDataCtorType":{"tag":"ForAll","contents":["a",{"tag":"TypeApp","contents":[{"tag":"TypeApp","contents":[{"tag":"TypeConstructor","contents":[["Prim"],"Function"]},{"tag":"TypeApp","contents":[{"tag":"TypeConstructor","contents":[["Data","Maybe"],"Maybe"]},{"tag":"TypeVar","contents":"a"}]}]},{"tag":"TypeApp","contents":[{"tag":"TypeConstructor","contents":[["Data","Maybe","Last"],"Last"]},{"tag":"TypeVar","contents":"a"}]}]},null]},"edDataCtorFields":[{"Ident":"value0"}]}},{"EDInstance":{"edInstanceClassName":[["Data","Newtype"],"Newtype"],"edInstanceName":{"Ident":"newtypeLast"},"edInstanceTypes":[{"tag":"TypeApp","contents":[{"tag":"TypeConstructor","contents":[["Data","Maybe","Last"],"Last"]},{"tag":"TypeVar","contents":"a"}]},{"tag":"TypeApp","contents":[{"tag":"TypeConstructor","contents":[["Data","Maybe"],"Maybe"]},{"tag":"TypeVar","contents":"a"}]}],"edInstanceConstraints":[]}},{"EDInstance":{"edInstanceClassName":[["Data","Eq"],"Eq"],"edInstanceName":{"Ident":"eqLast"},"edInstanceTypes":[{"tag":"TypeApp","contents":[{"tag":"TypeConstructor","contents":[["Data","Maybe","Last"],"Last"]},{"tag":"TypeVar","contents":"a"}]}],"edInstanceConstraints":[{"constraintClass":[["Data","Eq"],"Eq"],"constraintArgs":[{"tag":"TypeVar","contents":"a"}],"constraintData":null}]}},{"EDInstance":{"edInstanceClassName":[["Data","Eq"],"Eq1"],"edInstanceName":{"Ident":"eq1Last"},"edInstanceTypes":[{"tag":"TypeConstructor","contents":[["Data","Maybe","Last"],"Last"]}],"edInstanceConstraints":[]}},{"EDInstance":{"edInstanceClassName":[["Data","Ord"],"Ord"],"edInstanceName":{"Ident":"ordLast"},"edInstanceTypes":[{"tag":"TypeApp","contents":[{"tag":"TypeConstructor","contents":[["Data","Maybe","Last"],"Last"]},{"tag":"TypeVar","contents":"a"}]}],"edInstanceConstraints":[{"constraintClass":[["Data","Ord"],"Ord"],"constraintArgs":[{"tag":"TypeVar","contents":"a"}],"constraintData":null}]}},{"EDInstance":{"edInstanceClassName":[["Data","Ord"],"Ord1"],"edInstanceName":{"Ident":"ord1Last"},"edInstanceTypes":[{"tag":"TypeConstructor","contents":[["Data","Maybe","Last"],"Last"]}],"edInstanceConstraints":[]}},{"EDInstance":{"edInstanceClassName":[["Data","Bounded"],"Bounded"],"edInstanceName":{"Ident":"boundedLast"},"edInstanceTypes":[{"tag":"TypeApp","contents":[{"tag":"TypeConstructor","contents":[["Data","Maybe","Last"],"Last"]},{"tag":"TypeVar","contents":"a"}]}],"edInstanceConstraints":[{"constraintClass":[["Data","Bounded"],"Bounded"],"constraintArgs":[{"tag":"TypeVar","contents":"a"}],"constraintData":null}]}},{"EDInstance":{"edInstanceClassName":[["Data","Functor"],"Functor"],"edInstanceName":{"Ident":"functorLast"},"edInstanceTypes":[{"tag":"TypeConstructor","contents":[["Data","Maybe","Last"],"Last"]}],"edInstanceConstraints":[]}},{"EDInstance":{"edInstanceClassName":[["Data","Functor","Invariant"],"Invariant"],"edInstanceName":{"Ident":"invariantLast"},"edInstanceTypes":[{"tag":"TypeConstructor","contents":[["Data","Maybe","Last"],"Last"]}],"edInstanceConstraints":[]}},{"EDInstance":{"edInstanceClassName":[["Control","Apply"],"Apply"],"edInstanceName":{"Ident":"applyLast"},"edInstanceTypes":[{"tag":"TypeConstructor","contents":[["Data","Maybe","Last"],"Last"]}],"edInstanceConstraints":[]}},{"EDInstance":{"edInstanceClassName":[["Control","Applicative"],"Applicative"],"edInstanceName":{"Ident":"applicativeLast"},"edInstanceTypes":[{"tag":"TypeConstructor","contents":[["Data","Maybe","Last"],"Last"]}],"edInstanceConstraints":[]}},{"EDInstance":{"edInstanceClassName":[["Control","Bind"],"Bind"],"edInstanceName":{"Ident":"bindLast"},"edInstanceTypes":[{"tag":"TypeConstructor","contents":[["Data","Maybe","Last"],"Last"]}],"edInstanceConstraints":[]}},{"EDInstance":{"edInstanceClassName":[["Control","Monad"],"Monad"],"edInstanceName":{"Ident":"monadLast"},"edInstanceTypes":[{"tag":"TypeConstructor","contents":[["Data","Maybe","Last"],"Last"]}],"edInstanceConstraints":[]}},{"EDInstance":{"edInstanceClassName":[["Control","Extend"],"Extend"],"edInstanceName":{"Ident":"extendLast"},"edInstanceTypes":[{"tag":"TypeConstructor","contents":[["Data","Maybe","Last"],"Last"]}],"edInstanceConstraints":[]}},{"EDInstance":{"edInstanceClassName":[["Data","Show"],"Show"],"edInstanceName":{"Ident":"showLast"},"edInstanceTypes":[{"tag":"TypeApp","contents":[{"tag":"TypeConstructor","contents":[["Data","Maybe","Last"],"Last"]},{"tag":"TypeVar","contents":"a"}]}],"edInstanceConstraints":[{"constraintClass":[["Data","Show"],"Show"],"constraintArgs":[{"tag":"TypeVar","contents":"a"}],"constraintData":null}]}},{"EDInstance":{"edInstanceClassName":[["Data","Semigroup"],"Semigroup"],"edInstanceName":{"Ident":"semigroupLast"},"edInstanceTypes":[{"tag":"TypeApp","contents":[{"tag":"TypeConstructor","contents":[["Data","Maybe","Last"],"Last"]},{"tag":"TypeVar","contents":"a"}]}],"edInstanceConstraints":[]}},{"EDInstance":{"edInstanceClassName":[["Data","Monoid"],"Monoid"],"edInstanceName":{"Ident":"monoidLast"},"edInstanceTypes":[{"tag":"TypeApp","contents":[{"tag":"TypeConstructor","contents":[["Data","Maybe","Last"],"Last"]},{"tag":"TypeVar","contents":"a"}]}],"edInstanceConstraints":[]}},{"EDInstance":{"edInstanceClassName":[["Control","Alt"],"Alt"],"edInstanceName":{"Ident":"altLast"},"edInstanceTypes":[{"tag":"TypeConstructor","contents":[["Data","Maybe","Last"],"Last"]}],"edInstanceConstraints":[]}},{"EDInstance":{"edInstanceClassName":[["Control","Plus"],"Plus"],"edInstanceName":{"Ident":"plusLast"},"edInstanceTypes":[{"tag":"TypeConstructor","contents":[["Data","Maybe","Last"],"Last"]}],"edInstanceConstraints":[]}},{"EDInstance":{"edInstanceClassName":[["Control","Alternative"],"Alternative"],"edInstanceName":{"Ident":"alternativeLast"},"edInstanceTypes":[{"tag":"TypeConstructor","contents":[["Data","Maybe","Last"],"Last"]}],"edInstanceConstraints":[]}},{"EDInstance":{"edInstanceClassName":[["Control","MonadZero"],"MonadZero"],"edInstanceName":{"Ident":"monadZeroLast"},"edInstanceTypes":[{"tag":"TypeConstructor","contents":[["Data","Maybe","Last"],"Last"]}],"edInstanceConstraints":[]}}],"efSourceSpan":{"start":[1,1],"name":"C:\\Users\\Abhishek Mishra\\cube-rotation\\bower_components\\purescript-maybe\\src\\Data\\Maybe\\Last.purs","end":[68,37]}}