{"efVersion":"0.11.7","efModuleName":["Data","Char"],"efExports":[{"ValueRef":[{"start":[1,1],"name":"C:\\Users\\Abhishek Mishra\\cube-rotation\\bower_components\\purescript-strings\\src\\Data\\Char.purs","end":[19,35]},{"Ident":"fromCharCode"}]},{"ValueRef":[{"start":[1,1],"name":"C:\\Users\\Abhishek Mishra\\cube-rotation\\bower_components\\purescript-strings\\src\\Data\\Char.purs","end":[19,35]},{"Ident":"toCharCode"}]},{"ValueRef":[{"start":[1,1],"name":"C:\\Users\\Abhishek Mishra\\cube-rotation\\bower_components\\purescript-strings\\src\\Data\\Char.purs","end":[19,35]},{"Ident":"toLower"}]},{"ValueRef":[{"start":[1,1],"name":"C:\\Users\\Abhishek Mishra\\cube-rotation\\bower_components\\purescript-strings\\src\\Data\\Char.purs","end":[19,35]},{"Ident":"toUpper"}]}],"efImports":[{"eiModule":["Prim"],"eiImportType":{"Implicit":[]},"eiImportedAs":["Prim"]},{"eiModule":["Prim"],"eiImportType":{"Implicit":[]},"eiImportedAs":null}],"efFixities":[],"efTypeFixities":[],"efDeclarations":[{"EDValue":{"edValueName":{"Ident":"fromCharCode"},"edValueType":{"tag":"TypeApp","contents":[{"tag":"TypeApp","contents":[{"tag":"TypeConstructor","contents":[["Prim"],"Function"]},{"tag":"TypeConstructor","contents":[["Prim"],"Int"]}]},{"tag":"TypeConstructor","contents":[["Prim"],"Char"]}]}}},{"EDValue":{"edValueName":{"Ident":"toCharCode"},"edValueType":{"tag":"TypeApp","contents":[{"tag":"TypeApp","contents":[{"tag":"TypeConstructor","contents":[["Prim"],"Function"]},{"tag":"TypeConstructor","contents":[["Prim"],"Char"]}]},{"tag":"TypeConstructor","contents":[["Prim"],"Int"]}]}}},{"EDValue":{"edValueName":{"Ident":"toLower"},"edValueType":{"tag":"TypeApp","contents":[{"tag":"TypeApp","contents":[{"tag":"TypeConstructor","contents":[["Prim"],"Function"]},{"tag":"TypeConstructor","contents":[["Prim"],"Char"]}]},{"tag":"TypeConstructor","contents":[["Prim"],"Char"]}]}}},{"EDValue":{"edValueName":{"Ident":"toUpper"},"edValueType":{"tag":"TypeApp","contents":[{"tag":"TypeApp","contents":[{"tag":"TypeConstructor","contents":[["Prim"],"Function"]},{"tag":"TypeConstructor","contents":[["Prim"],"Char"]}]},{"tag":"TypeConstructor","contents":[["Prim"],"Char"]}]}}}],"efSourceSpan":{"start":[1,1],"name":"C:\\Users\\Abhishek Mishra\\cube-rotation\\bower_components\\purescript-strings\\src\\Data\\Char.purs","end":[19,35]}}